{
  "bad_movies": [
    {
      "title": "Twilight",
      "is_bad": true,
      "text_len": 153153,
      "char_var": 0.022516,
      "n_chars": 12,
      "narr_std": 0.013656,
      "narr_slope": -0.000963,
      "narr_cv": 0.03081,
      "narr_late_ratio": 0.9661,
      "narr_range": 0.059565,
      "zlib_flow": [
        0.476831,
        0.448532,
        0.453441,
        0.461297,
        0.42915,
        0.435566,
        0.444242,
        0.450891,
        0.423815,
        0.460809,
        0.417265,
        0.449811,
        0.435027,
        0.451091,
        0.434834,
        0.430325,
        0.441165,
        0.441587,
        0.436235,
        0.44304
      ]
    },
    {
      "title": "Fantastic Four 2005",
      "is_bad": true,
      "text_len": 169032,
      "char_var": 0.024337,
      "n_chars": 10,
      "narr_std": 0.011812,
      "narr_slope": 0.000118,
      "narr_cv": 0.025152,
      "narr_late_ratio": 1.0008,
      "narr_range": 0.047817,
      "zlib_flow": [
        0.471069,
        0.487401,
        0.443616,
        0.462549,
        0.468229,
        0.462549,
        0.475565,
        0.489528,
        0.458881,
        0.467519,
        0.470714,
        0.481718,
        0.475802,
        0.47379,
        0.468584,
        0.463614,
        0.452846,
        0.457579,
        0.469294,
        0.491433
      ]
    },
    {
      "title": "Resident Evil",
      "is_bad": true,
      "text_len": 148090,
      "char_var": 0.036234,
      "n_chars": 12,
      "narr_std": 0.012774,
      "narr_slope": -0.001061,
      "narr_cv": 0.026843,
      "narr_late_ratio": 0.9541,
      "narr_range": 0.044976,
      "zlib_flow": [
        0.485008,
        0.483522,
        0.497029,
        0.498109,
        0.501216,
        0.463533,
        0.473393,
        0.474068,
        0.45624,
        0.459346,
        0.470962,
        0.46745,
        0.493247,
        0.475959,
        0.46664,
        0.475284,
        0.463938,
        0.469341,
        0.469071,
        0.474103
      ]
    },
    {
      "title": "Wild Wild West",
      "is_bad": true,
      "text_len": 181561,
      "char_var": 0.018624,
      "n_chars": 6,
      "narr_std": 0.012115,
      "narr_slope": -0.001119,
      "narr_cv": 0.026306,
      "narr_late_ratio": 0.9699,
      "narr_range": 0.045498,
      "zlib_flow": [
        0.485022,
        0.461335,
        0.477859,
        0.466292,
        0.451751,
        0.456819,
        0.466733,
        0.469707,
        0.475435,
        0.462327,
        0.446134,
        0.458912,
        0.440295,
        0.455387,
        0.465301,
        0.469046,
        0.464419,
        0.439524,
        0.441727,
        0.457099
      ]
    },
    {
      "title": "Ghost Rider",
      "is_bad": true,
      "text_len": 169066,
      "char_var": 0.029463,
      "n_chars": 26,
      "narr_std": 0.012993,
      "narr_slope": -0.000916,
      "narr_cv": 0.028053,
      "narr_late_ratio": 0.9671,
      "narr_range": 0.044129,
      "zlib_flow": [
        0.473205,
        0.451674,
        0.479711,
        0.474269,
        0.488114,
        0.47878,
        0.457846,
        0.477937,
        0.447179,
        0.44848,
        0.464096,
        0.445404,
        0.457599,
        0.467526,
        0.462203,
        0.458299,
        0.447297,
        0.475453,
        0.443984,
        0.464121
      ]
    },
    {
      "title": "Alone in the Dark",
      "is_bad": true,
      "text_len": 158181,
      "char_var": 0.01891,
      "n_chars": 7,
      "narr_std": 0.013919,
      "narr_slope": -0.000848,
      "narr_cv": 0.033655,
      "narr_late_ratio": 0.9612,
      "narr_range": 0.046672,
      "zlib_flow": [
        0.433557,
        0.390821,
        0.437492,
        0.422936,
        0.419269,
        0.43381,
        0.403844,
        0.391959,
        0.415729,
        0.424074,
        0.420028,
        0.404855,
        0.397901,
        0.427108,
        0.425844,
        0.401694,
        0.404602,
        0.405487,
        0.410798,
        0.399874
      ]
    },
    {
      "title": "Lake Placid",
      "is_bad": true,
      "text_len": 95807,
      "char_var": 0.035019,
      "n_chars": 7,
      "narr_std": 0.016451,
      "narr_slope": -0.001089,
      "narr_cv": 0.035761,
      "narr_late_ratio": 0.967,
      "narr_range": 0.07453,
      "zlib_flow": [
        0.494154,
        0.460125,
        0.450939,
        0.464092,
        0.455741,
        0.470772,
        0.478706,
        0.467015,
        0.425261,
        0.478497,
        0.468058,
        0.466388,
        0.453862,
        0.455532,
        0.46263,
        0.462004,
        0.444259,
        0.419624,
        0.459081,
        0.463415
      ]
    },
    {
      "title": "Pearl Harbor",
      "is_bad": true,
      "text_len": 201172,
      "char_var": 0.021467,
      "n_chars": 18,
      "narr_std": 0.010106,
      "narr_slope": -0.000545,
      "narr_cv": 0.022952,
      "narr_late_ratio": 0.9801,
      "narr_range": 0.038775,
      "zlib_flow": [
        0.430304,
        0.437463,
        0.447902,
        0.465401,
        0.44144,
        0.441738,
        0.461921,
        0.435773,
        0.442931,
        0.430901,
        0.426626,
        0.437463,
        0.434878,
        0.449195,
        0.444224,
        0.447803,
        0.431796,
        0.438159,
        0.428515,
        0.431976
      ]
    }
  ],
  "oscar_medians": {
    "char_var": 0.030246,
    "narr_std": 0.013836
  }
}