{"Alone in the Dark": {"llm_narr_std": 2.2895425362267483, "llm_char_var": 30.716600794282563, "llm_dial_ppl": 14.965404446020761, "llm_dir_ppl": 9.773860096562425}, "Amityville Asylum, The": {"llm_narr_std": 2.1056364484672465, "llm_char_var": 15.165483592606815, "llm_dial_ppl": 11.683820069414468, "llm_dir_ppl": 10.850982703750164}, "Authors Anonymous": {"llm_narr_std": 3.995686438000464, "llm_char_var": 39.59373083653222, "llm_dial_ppl": 22.02531888067829, "llm_dir_ppl": 16.48266585876218}, "After School Special": {"llm_narr_std": 1.812467311768988, "llm_char_var": 13.209541683729993, "llm_dial_ppl": 19.679505804914253, "llm_dir_ppl": 10.454988961177481}, "All About Steve": {"llm_narr_std": 4.542286797357103, "llm_char_var": 13.27045012862908, "llm_dial_ppl": 22.617816491201943, "llm_dir_ppl": 22.62050211945417}, "Arctic Blue": {"llm_narr_std": 1.6207111269400987, "llm_char_var": 13.8357533741352, "llm_dial_ppl": 25.86094578221831, "llm_dir_ppl": 15.616375928819442}, "Back-up Plan, The": {"llm_narr_std": 1.7707326821047655, "llm_char_var": 8.293012275586854, "llm_dial_ppl": 13.008112684618645, "llm_dir_ppl": 11.717468816860038}, "Being Human": {"llm_narr_std": 2.1075307395044933, "llm_char_var": 9.691981409817025, "llm_dial_ppl": 18.142582246253802, "llm_dir_ppl": 20.81960041746758}, "Autumn in New York": {"llm_narr_std": 1.8745313366795753, "llm_char_var": 14.443131300771794, "llm_dial_ppl": 14.579663648472195, "llm_dir_ppl": 17.219847796841446}, "Alien vs. Predator": {"llm_narr_std": 2.5326361588647406, "llm_char_var": 58.1038974483222, "llm_dial_ppl": 30.501318399889637, "llm_dir_ppl": 21.907419530410547}, "Angel Eyes": {"llm_narr_std": 3.0740581085681264, "llm_char_var": 33.79141730595654, "llm_dial_ppl": 22.497839769514588, "llm_dir_ppl": 21.122105549933693}, "Arthur": {"llm_narr_std": 3.422474814320912, "llm_char_var": 105.03373968212071, "llm_dial_ppl": 48.37327522323113, "llm_dir_ppl": 24.734181406680047}, "Bad Dreams": {"llm_narr_std": 4.324826237905765, "llm_char_var": 21.324247769708805, "llm_dial_ppl": 22.302444109958405, "llm_dir_ppl": 21.22564485348207}, "Bad Teacher": {"llm_narr_std": 2.7691665674423724, "llm_char_var": 14.377628889562878, "llm_dial_ppl": 20.271154279100276, "llm_dir_ppl": 15.227812877883524}, "Amelia": {"llm_narr_std": 3.468897266916742, "llm_char_var": 45.968440118096815, "llm_dial_ppl": 33.409747992721364, "llm_dir_ppl": 21.049727952743122}, "Amadeus": {"llm_narr_std": 2.7416134667818777, "llm_char_var": 17.47083446517233, "llm_dial_ppl": 11.46878592771089, "llm_dir_ppl": 12.668716596168624}, "Apocalypse Now": {"llm_narr_std": 4.7277714534450235, "llm_char_var": 63.55351436732374, "llm_dial_ppl": 26.337096292540043, "llm_dir_ppl": 23.03631417335829}, "Good Will Hunting": {"llm_narr_std": 2.757175579354219, "llm_char_var": 30.260195266007962, "llm_dial_ppl": 15.954304390778324, "llm_dir_ppl": 15.76348064752857}, "Inglourious Basterds": {"llm_narr_std": 4.145284622930257, "llm_char_var": 39.226705980633035, "llm_dial_ppl": 13.5880593443031, "llm_dir_ppl": 28.53210975987845}, "Alien": {"llm_narr_std": 3.0905221502279643, "llm_char_var": 25.781696193713632, "llm_dial_ppl": 20.081107803812692, "llm_dir_ppl": 18.14455479455673}, "American History X": {"llm_narr_std": 3.8205147860274518, "llm_char_var": 26.113729261472077, "llm_dial_ppl": 25.84252298053398, "llm_dir_ppl": 18.11752015725676}, "Django Unchained": {"llm_narr_std": 4.588069422782293, "llm_char_var": 18.161178330446084, "llm_dial_ppl": 27.57354015076087, "llm_dir_ppl": 25.819034319963958}, "Gladiator": {"llm_narr_std": 2.630473291881266, "llm_char_var": 71.81948607221406, "llm_dial_ppl": 18.25244893391482, "llm_dir_ppl": 17.547668515849846}, "Whiplash": {"llm_narr_std": 3.7683738681850825, "llm_char_var": 78.80065058756176, "llm_dial_ppl": 20.349173649988696, "llm_dir_ppl": 17.017932078653065}, "Saving Private Ryan": {"llm_narr_std": 2.4948937950037724, "llm_char_var": 29.762656948547342, "llm_dial_ppl": 30.40597077272159, "llm_dir_ppl": 15.775383938341276}, "Interstellar": {"llm_narr_std": 2.4825257099513887, "llm_char_var": 7.836463501276565, "llm_dial_ppl": 17.92388013009412, "llm_dir_ppl": 15.001459941320164}, "Forrest Gump": {"llm_narr_std": 1.852283168066966, "llm_char_var": 33.77517336195915, "llm_dial_ppl": 10.249048946196243, "llm_dir_ppl": 10.042301548715692}, "Inception": {"llm_narr_std": 2.8780464983335436, "llm_char_var": 30.955906109960793, "llm_dial_ppl": 19.454091231312212, "llm_dir_ppl": 15.492026169801168}, "Pulp Fiction": {"llm_narr_std": 2.973784053177445, "llm_char_var": 4.8935306387604065, "llm_dial_ppl": 14.456394694508408, "llm_dir_ppl": 12.825568477298942}, "Schindler's List": {"llm_narr_std": 3.489835759778754, "llm_char_var": 73.16370539518931, "llm_dial_ppl": 20.222394682707595, "llm_dir_ppl": 23.127589568477816}}