{
  "silhouette_scores": {
    "2": 0.2722821559132582,
    "3": 0.22372446117866532,
    "4": 0.22958188755415854,
    "5": 0.24735322574516838,
    "6": 0.24304410184049624
  },
  "best_k": 2,
  "alignment_accuracy": 0.5714285714285714,
  "confusion_matrix": [
    [
      17,
      23
    ],
    [
      21,
      16
    ]
  ],
  "windows_count": 77,
  "batman_windows": 37,
  "wayne_windows": 40
}